name,birth,type
Maria Joaquina de Souza,1991-05-12,Individual
João Pedro da Silva,1985-03-22,Company
Ana Cristina Oliveira,1999-07-08,Individual
Carlos Eduardo Lima,1976-11-30,Individual
Fernanda Aparecida Costa,1988-09-14,Company
Rafael Martins Junior,1992-02-18,Individual
Patrícia Helena Gomes,2000-12-01,Individual
Gustavo Henrique Rocha,1969-06-25,Company
Juliana Menezes Dias,1995-04-10,Individual
Ricardo Alves Pereira,1982-08-19,Individual
Simone Cristina Nunes,1993-01-27,Company
André Luiz Carvalho,2001-10-05,Individual
Camila Roberta Santos,1978-03-16,Individual
Thiago Fonseca Lima,1997-11-22,Company
Bruna Letícia Almeida,1989-07-04,Individual
Diego Souza Ramos,1994-09-09,Individual
Vanessa Oliveira Barbosa,1965-12-13,Company
Lucas Gabriel Pinto,2002-05-19,Individual
Amanda Ribeiro Castro,1990-02-28,Individual
Roberto Carlos Mendes,1983-06-07,Company
Tatiane Marques Silva,1973-10-21,Individual
Marcelo Augusto Teixeira,1998-08-12,Individual
Elaine Cristina Souza,1980-04-25,Company
Paulo Sérgio Nogueira,1996-03-03,Individual
Larissa Fernandes Borges,2003-09-17,Individual
Fábio Henrique Araújo,1986-01-14,Company
Renata Aparecida Lima,1970-07-29,Individual
Eduardo Gonçalves Silva,1991-11-11,Individual
Michele Damasceno Rocha,1999-02-02,Company
Vinícius Oliveira Souza,1984-12-24,Individual
Priscila Cristina Ferreira,1993-06-18,Individual
Alexandre Pacheco Neto,1977-05-03,Company
Gabriela Franco Mendes,2000-10-09,Individual
Rodrigo Barbosa Lima,1989-08-20,Individual
Luciana Vieira Santos,1968-03-11,Company
Daniel Henrique Costa,1995-07-26,Individual
Natália Oliveira Rocha,2001-01-06,Individual
Wagner José Pereira,1982-09-30,Company
Cristiane Aparecida Alves,1975-11-19,Individual
Bruno César Martins,1997-04-14,Individual
Juliana Ferreira Silva,1990-12-03,Company
Marcos Vinicius Lima,1987-02-21,Individual
Letícia Menezes Gomes,2002-06-15,Individual
Alan Rodrigues Barbosa,1971-08-07,Company
Tatiana Cunha Dias,1994-10-28,Individual
Roberto Ferreira Nunes,1981-03-26,Individual
Débora Cristina Rocha,1998-07-09,Company
Fernando Henrique Souza,1967-01-18,Individual
Caroline Lima Martins,1992-09-04,Individual
Glauco Oliveira Santos,1986-05-22,Company
Andressa Pacheco Oliveira,1979-12-14,Individual
Renato César Almeida,1996-04-07,Individual
Lilian Souza Barbosa,2000-08-29,Company
José Carlos Rodrigues,1974-11-02,Individual
Tatiane Cristina Lima,1983-06-21,Individual
Flávio Augusto Nascimento,1991-10-17,Company
Jéssica Andrade Silva,1999-03-13,Individual
Leandro Pereira Costa,1988-01-24,Individual
Viviane Santos Oliveira,1966-09-05,Company
Anderson Luiz Gomes,1993-12-11,Individual
Carla Roberta Menezes,2001-07-18,Individual
Sérgio Ricardo Oliveira,1970-04-02,Company
Bianca Alves Lima,1995-02-16,Individual
Igor Ferreira Souza,1985-10-29,Individual
Luciene Aparecida Rocha,1997-06-13,Company
Marcelo Ribeiro Dias,1980-12-27,Individual
Kelly Cristina Barbosa,1972-03-23,Individual
Thiago Augusto Martins,1992-05-09,Company
Sabrina Fernandes Almeida,2002-11-30,Individual
Eduarda Lima Costa,1989-07-22,Individual
Rogério Henrique Silva,1978-01-15,Company
Vanessa Cristina Nunes,1994-04-19,Individual
Márcio Roberto Carvalho,1981-08-11,Individual
Amanda Leticia Santos,1999-10-03,Company
Felipe Augusto Oliveira,1987-03-07,Individual
Monique Aparecida Pereira,1973-12-25,Individual
Luis Felipe Rocha,1996-09-19,Company
Simone Alves Mendes,2000-02-04,Individual
Pedro Henrique Lima,1991-07-30,Individual
Raquel Souza Gomes,1984-11-23,Company
Wesley Nascimento Silva,1998-01-09,Individual
Eliane Cristina Barbosa,1969-05-27,Individual
Helena Rodrigues Coelho,1993-10-14,Company
Jeferson Luiz Alves,1986-02-08,Individual
Cláudia Menezes Ferreira,1977-06-30,Individual
Marcos Roberto Oliveira,1997-08-25,Company
Daniela Santos Lima,1990-12-17,Individual
Raphael Henrique Souza,1982-04-05,Individual
Tatiane Oliveira Rocha,1995-09-28,Company
Cristiano Aparecido Costa,1971-07-19,Individual
Larissa Cunha Dias,1988-01-11,Individual
Alexandre Rodrigues Nunes,1976-10-06,Company
Fernanda Lima Barbosa,1992-03-24,Individual
Milton José Pereira,2001-09-02,Individual
Carolina Andrade Silva,1999-04-16,Company
Robson Luiz Gomes,1985-12-08,Individual
Patrícia Menezes Almeida,1968-02-27,Individual
Fábio Ricardo Santos,1994-06-22,Company
Juliana Barbosa Lima,1983-08-15,Individual
Hugo César Ferreira,1997-10-10,Individual
Aline Cristina Rocha,1974-05-01,Company
Luciano Augusto Oliveira,1990-09-14,Individual
Danielle Souza Costa,1981-11-26,Individual
Erick Fernando Silva,1996-07-07,Company
Natasha Aparecida Nunes,2000-12-19,Individual
Maria João Silva Souza,1989-12-01,Individual
Maria João Silva Souza,1989-12-01,Individual
Maria João da Silva Sauro,1966-12-01,Individual
Larissa Gatto,1983-05-11,Company
Maria José,1969-05-15,Individual
Maria Rosa dos Santos,1973-01-04,Individual
